month, money, popularity, ch4, co2, temp, sealvl
0,100,1,800,290,-0.1360668,7.089544
1,207,67,915.6998,396.8649,-0.1361335,6.881751
